"Time","Rsqu","Forecast"
"2020-03-16 15:28:15",0.968396364202843,3.46781444736125
